{
    "new-folders": [],
    "move-files": [],
    "change-logs": [""],
    "old-files": [".minecraft/versions/SaltyFish Server/mods/sophisticatedcore-1.20.1-0.5.111.517.jar"],
    "old-folders": [],
    "new-files": [{
        "mode": "f",
        "path": ".minecraft/versions/SaltyFish Server/mods/[精妙核心]sophisticatedcore-1.20.1-0.5.113.524.jar",
        "old-hash": "",
        "new-hash": "7d2ed858c529671e77b26b4635ca094dc7dafee8",
        "bzipped-hash": "730ad01baa3fda3c401346721edd4a7b603943d7",
        "raw-hash": "7d2ed858c529671e77b26b4635ca094dc7dafee8",
        "raw-length": 1044403
    }]
}