{
    "new-folders": [],
    "move-files": [],
    "change-logs": [""],
    "old-files": [],
    "old-folders": [],
    "new-files": [
        {
            "mode": "f",
            "path": ".minecraft/versions/SaltyFish Server/mods/[圣遗物]reliquary-1.20.1-2.0.36.1199.jar",
            "old-hash": "",
            "new-hash": "2712c5113cd065488632274e7fd2f932d3e7d1fe",
            "bzipped-hash": "b2552efa9c73223c006333e502f308ba4c701ce7",
            "raw-hash": "2712c5113cd065488632274e7fd2f932d3e7d1fe",
            "raw-length": 2181612
        },
        {
            "mode": "f",
            "path": ".minecraft/versions/SaltyFish Server/mods/[火炬大师]torchmaster-20.1.5.jar",
            "old-hash": "",
            "new-hash": "5cb257626093409d35701aaa307b8eecef6ecd31",
            "bzipped-hash": "0f8029bac9872c3c359263455c3ef947d155d6b5",
            "raw-hash": "5cb257626093409d35701aaa307b8eecef6ecd31",
            "raw-length": 102665
        },
        {
            "mode": "f",
            "path": ".minecraft/versions/SaltyFish Server/mods/[精妙存储]sophisticatedstorage-1.20.1-0.8.65.680.jar",
            "old-hash": "",
            "new-hash": "4ee239590258e01f12a03aeb262135be7ca7b15b",
            "bzipped-hash": "fad883ba3a277cdc532cbfe251d06756f470acf0",
            "raw-hash": "4ee239590258e01f12a03aeb262135be7ca7b15b",
            "raw-length": 1057504
        }
    ]
}